Model,Train,Test
LR,0.847222222,0.833333333
SVM,0.847222222,0.833333333
TR,0.888888889,0.833333333
KNN,0.847222222,0.833333333
